[
  {
    "title": "Grid maintenance",
    "message": "Regions will restart between 01:00–02:00 NZDT.",
    "start": "2025-12-02",
    "end": "2025-12-02",
    "start_time": "01:00",
    "end_time": "02:00",
    "type": "maintenance",
    "priority": 20,
    "link": ""
  },
  {
    "title": "Weekend sale — The Mall",
    "message": "Up to 50% off selected items.",
    "start": "2025-12-08",
    "end": "2025-12-09",
    "type": "sale",
    "priority": 10,
    "link": "https://example.com/sale"
  }
]
